,Time,Position,Momentum
0,0.0,1.0,0.0
1,0.00024975024975024975,0.9999997504992821,-0.0009990007497495575
2,0.002747252747252747,0.999969810865068,-0.010988679244281572
3,0.012747252747252746,0.999350241336273,-0.05095588904839875
4,0.02274725274725275,0.9979323892429551,-0.09080103672330289
5,0.03274725274725275,0.9957196461616861,-0.1304292916356375
6,0.04274725274725275,0.9927172858798707,-0.1697473744624905
7,0.052747252747252754,0.9889324267773865,-0.2086642123566279
8,0.06274725274725275,0.9843739813749982,-0.24709156576882985
9,0.07274725274725274,0.9790525936944084,-0.28494461923669345
10,0.08274725274725274,0.972980565221569,-0.32214252917680386
11,0.09274725274725273,0.9661717703957932,-0.3586089225713215
12,0.10274725274725273,0.9586415626599734,-0.3942723413961506
13,0.11274725274725272,0.9504066722000546,-0.4290666286690336
14,0.12274725274725272,0.9414850965736223,-0.4629312530740096
15,0.13274725274725271,0.9318959854773756,-0.4958115702153244
16,0.14274725274725272,0.9216595209312793,-0.5276590196415014
17,0.15274725274725273,0.9107967941637718,-0.5584312578329842
18,0.16274725274725274,0.8993296804684755,-0.5880922283411121
19,0.17274725274725275,0.8872807132698014,-0.6166121711818746
20,0.18274725274725276,0.874672958584394,-0.6439675744081551
21,0.19274725274725277,0.8615298909995818,-0.6701410714961404
22,0.20274725274725278,0.8478752722111357,-0.6951212887763577
23,0.21274725274725279,0.8337330330730965,-0.7189026476124458
24,0.2227472527472528,0.8191271600146727,-0.7414851263801125
25,0.2327472527472528,0.8040815865756782,-0.7628739875270253
26,0.2427472527472528,0.7886200907050557,-0.7830794751069572
27,0.2527472527472528,0.7727661983589398,-0.8021164881862443
28,0.2627472527472528,0.7565430938275358,-0.8200042354274457
29,0.2727472527472528,0.7399735371156527,-0.8367658759754977
30,0.2827472527472528,0.7230797886016436,-0.8524281515180911
31,0.29274725274725283,0.705883541105131,-0.8670210140774536
32,0.30274725274725284,0.6884058594063045,-0.8805772537282227
33,0.31274725274725285,0.6706671271796125,-0.8931321300383872
34,0.32274725274725286,0.6526870012329122,-0.9047230106093842
35,0.33274725274725286,0.634484372879936,-0.9153890196585501
36,0.3427472527472529,0.6160773362194224,-0.9251706991522408
37,0.3527472527472529,0.5974831630483927,-0.9341096845698871
38,0.3627472527472529,0.578718284099614,-0.9422483969655194
39,0.3727472527472529,0.5597982762639321,-0.9496297526000548
40,0.3827472527472529,0.5407378554364132,-0.9562968910497647
41,0.3927472527472529,0.5215508746105678,-0.9622929223574777
42,0.4027472527472529,0.5022503268367244,-0.9676606934857015
43,0.41274725274725294,0.4828483526582369,-0.9724425740564518
44,0.42274725274725294,0.4633562516419797,-0.9766802611216913
45,0.43274725274725295,0.4437844976268367,-0.9804146025006913
46,0.44274725274725296,0.4241427573249675,-0.9836854380454593
47,0.45274725274725297,0.40443991192490564,-0.9865314580512142
48,0.462747252747253,0.3846840813623986,-0.9889900779139681
49,0.472747252747253,0.3648826509437798,-0.9910973280494636
50,0.482747252747253,0.34504230002704717,-0.9928877580247774
51,0.492747252747253,0.3251690324872367,-0.9943943538134117
52,0.502747252747253,0.30526820871469906,-0.9956484670642766
53,0.512747252747253,0.28534457891713216,-0.9966797552722061
54,0.522747252747253,0.26540231751837223,-0.9975161317502781
55,0.532747252747253,0.2454450584686957,-0.9981837243300241
56,0.542747252747253,0.2254759313025158,-0.9987068417526143
57,0.552747252747253,0.20549759779964352,-0.9991079467604156
58,0.562747252747253,0.1855122891255672,-0.9994076349522928
59,0.572747252747253,0.16552184334434575,-0.9996246185261577
60,0.582747252747253,0.14552774321459713,-0.9997757140972933
61,0.592747252747253,0.1255311541946104,-0.9998758338497653
62,0.602747252747253,0.10553296259675174,-0.9999379793498664
63,0.6127472527472531,0.08553381384402166,-0.999973237424236
64,0.6227472527472531,0.06553415079281764,-0.999990777580459
65,0.6327472527472531,0.04553425209564128,-0.9999978505240772
66,0.6427472527472531,0.02553427058564268,-0.9999997874027013
67,0.6527472527472531,0.00553427167151125,-0.9999999994850131
68,0.6627472527472531,-0.01446572826370729,-0.9999999780597475
69,0.6727472527472531,-0.03446572346276251,-0.9999992944171207
70,0.6827472527472531,-0.054465680394238436,-0.9999955998525741
71,0.6927472527472531,-0.07446549935297025,-0.9999846257101226
72,0.7027472527472531,-0.09446497606244866,-0.9999601835600015
73,0.7127472527472531,-0.1144637632834898,-0.9999141656827092
74,0.7227472527472532,-0.13446133243766423,-0.9998365461088893
75,0.7327472527472532,-0.1544569352597401,-0.9997153825417259
76,0.7427472527472532,-0.174449565500699,-0.9995368195654984
77,0.7527472527472532,-0.19443792071172253,-0.9992850936204548
78,0.7627472527472532,-0.21442036414990934,-0.9989425402999101
79,0.7727472527472532,-0.2343948868583493,-0.9984896046000532
80,0.7827472527472532,-0.25435906998652236,-0.9979048548258027
81,0.7927472527472532,-0.2743100474317662,-0.9971650009265212
82,0.8027472527472532,-0.29424446889871153,-0.9962449181026237
83,0.8127472527472532,-0.3141584634910423,-0.9951176765871084
84,0.8227472527472532,-0.3340476039686043,-0.9937545785635855
85,0.8327472527472533,-0.3539068718226368,-0.9921252032331316
86,0.8427472527472533,-0.3737306233425892,-0.9901974610846629
87,0.8527472527472533,-0.39351255686941666,-0.98793765845577
88,0.8627472527472533,-0.4132456814522137,-0.9853105734911388
89,0.8727472527472533,-0.4329222871472717,-0.9822795446117173
90,0.8827472527472533,-0.4525339172208354,-0.978806572597431
91,0.8927472527472533,-0.4720713425386316,-0.9748524373571658
92,0.9027472527472533,-0.49152453844625343,-0.9703768304095214
93,0.9127472527472533,-0.5108826644642571,-0.9653385040240826
94,0.9227472527472533,-0.5301340471398703,-0.9596954378733111
95,0.9327472527472533,-0.549266166412987,-0.9534050239174234
96,0.9427472527472534,-0.5682656458670418,-0.9464242700868125
97,0.9527472527472534,-0.5871182472448094,-0.9387100231370692
98,0.9627472527472534,-0.6058088696145053,-0.9302192108292694
99,0.9727472527472534,-0.6243215535721155,-0.9209091033323318
100,0.9827472527472534,-0.6426394908609828,-0.9107375934550062
101,0.9927472527472534,-0.6607450397786627,-0.8996634949933818
102,1.0027472527472534,-0.6786197467233066,-0.8876468581276072
103,1.0127472527472534,-0.6962443742067518,-0.8746493004217933
104,1.0227472527472534,-0.7135989356285779,-0.8606343515779983
105,1.0327472527472534,-0.7306627370642245,-0.8455678096742267
106,1.0427472527472534,-0.7474144262705538,-0.8294181061842699
107,1.0527472527472534,-0.7638320490538452,-0.8121566766420567
108,1.0627472527472535,-0.7798931130781539,-0.793758333384344
109,1.0727472527472535,-0.7955746591164854,-0.7742016363936015
110,1.0827472527472535,-0.810853339663783,-0.7534692578794246
111,1.0927472527472535,-0.8257055047399846,-0.7315483358941277
112,1.1027472527472535,-0.8401072946143302,-0.7084308119892384
113,1.1127472527472535,-0.8540347390798919,-0.684113747697498
114,1.1227472527472535,-0.8674638628014217,-0.6585996144824766
115,1.1327472527472535,-0.8803707961517852,-0.6318965517471323
116,1.1427472527472535,-0.8927318908444142,-0.6040185875444136
117,1.1527472527472535,-0.9045238395635156,-0.5749858167964276
118,1.1627472527472535,-0.9157237986925185,-0.5448245321105611
119,1.1727472527472536,-0.9263095131468523,-0.5135673026852677
120,1.1827472527472536,-0.9362594422320669,-0.48125299732578547
121,1.1927472527472536,-0.9455528853750019,-0.4479267482380111
122,1.2027472527472536,-0.9541701065165055,-0.4136398530304201
123,1.2127472527472536,-0.9620924559112902,-0.3784496132186271
124,1.2227472527472536,-0.9693024880558042,-0.3424191084802857
125,1.2327472527472536,-0.9757840744600774,-0.30561690693114657
126,1.2427472527472536,-0.9815225099955769,-0.2681167127644434
127,1.2527472527472536,-0.9865046115888775,-0.22999695369075399
128,1.2627472527472536,-0.990718808090645,-0.19134031170731963
129,1.2727472527472536,-0.9941552202306903,-0.15223320178646638
130,1.2827472527472537,-0.9968057296717798,-0.11276520407385926
131,1.2927472527472537,-0.9986640362960095,-0.07302845610111194
132,1.3027472527472537,-0.9997257029958495,-0.0331170123177551
133,1.3127472527472537,-0.9999881873949573,0.006873821088575316
134,1.3227472527472537,-0.9994508600885782,0.04684816760730792
135,1.3327472527472537,-0.9981150091665413,0.0867102692430198
136,1.3427472527472537,-0.9959838309599567,0.126365173809693
137,1.3527472527472537,-0.9930624071320467,0.1657194117465269
138,1.3627472527472537,-0.9893576684103641,0.2046816537382594
139,1.3727472527472537,-0.9848783454283185,0.24316334081934304
140,1.3827472527472537,-0.9796349073049775,0.28107927920456083
141,1.3927472527472538,-0.973639488740358,0.3183481928019004
142,1.4027472527472538,-0.9669058065360824,0.35489322720571753
143,1.4127472527472538,-0.9594490665659952,0.3906423999150561
144,1.4227472527472538,-0.9512858623162996,0.42552899254673665
145,1.4327472527472538,-0.9424340661886946,0.45949188188740514
146,1.4427472527472538,-0.9329127148121599,0.49247580772476857
147,1.4527472527472538,-0.9227418896393024,0.5244315764880239
148,1.4627472527472538,-0.9119425941119292,0.5553162007849095
149,1.4727472527472538,-0.9005366286686368,0.5850929759241581
150,1.4827472527472538,-0.8885464648360415,0.6137314954367418
151,1.4927472527472538,-0.8759951195965343,0.6412076084400443
152,1.5027472527472538,-0.8629060311611342,0.6675033224126815
153,1.5127472527472539,-0.8493029371983898,0.6926066555548224
154,1.5227472527472539,-0.8352097564817251,0.7165114433941955
155,1.5327472527472539,-0.8206504748205927,0.7392171046599402
156,1.5427472527472539,-0.8056490360377544,0.7607283716870175
157,1.552747252747254,-0.7902292386483215,0.7810549907380496
158,1.562747252747254,-0.7744146387881248,0.8002113976448584
159,1.572747252747254,-0.7582284598316159,0.8182163740883689
160,1.582747252747254,-0.7416935090347082,0.8350926896642803
161,1.592747252747254,-0.7248321014373653,0.8508667346353537
162,1.602747252747254,-0.7076659911657265,0.8655681479622893
163,1.612747252747254,-0.6902163101852262,0.879229444847013
164,1.622747252747254,-0.6725035144753884,0.8918856476275265
165,1.632747252747254,-0.6545473375243482,0.9035739234444491
166,1.642747252747254,-0.6363667509770644,0.914333231667232
167,1.652747252747254,-0.6179799322157745,0.9242039836329273
168,1.662747252747254,-0.5994042386045005,0.9332277168212677
169,1.672747252747254,-0.5806561880911181,0.9414467851743049
170,1.682747252747254,-0.5617514458303304,0.9489040668732561
171,1.692747252747254,-0.5427048164683905,0.9556426905145387
172,1.702747252747254,-0.5235302417150407,0.9617057802849854
173,1.712747252747254,-0.5042408028193044,0.9671362204255466
174,1.722747252747254,-0.48484872756280933,0.9719764389949469
175,1.732747252747254,-0.4653654013865925,0.9762682107004396
176,1.742747252747254,-0.4458013822741592,0.9800524783518108
177,1.752747252747254,-0.4261664190242837,0.9833691923163375
178,1.762747252747254,-0.40646947256100685,0.986257167205134
179,1.772747252747254,-0.386718739944905,0.9887539549034748
180,1.782747252747254,-0.36692168076839987,0.9908957329671948
181,1.792747252747254,-0.34708504563813136,0.9927172073418699
182,1.8027472527472541,-0.3272149064687449,0.9942515283188031
183,1.8127472527472541,-0.30731668833441783,0.9955302186194612
184,1.8227472527472541,-0.2873952026466912,0.9965831124955428
185,1.8327472527472541,-0.2674546814493414,0.9974383047430027
186,1.8427472527472541,-0.24749881264283402,0.9981221085529166
187,1.8527472527472542,-0.22753077597210403,0.998659021158001
188,1.8627472527472542,-0.20755327963178924,0.9990716962790451
189,1.8727472527472542,-0.18756859736243778,0.9993809224287623
190,1.8827472527472542,-0.16757860592947466,0.9996056061901343
191,1.8927472527472542,-0.14758482289373212,0.999762759650894
192,1.9027472527472542,-0.12758844459803695,0.9998674912442387
193,1.9127472527472542,-0.10759038430863627,0.9999329993172394
194,1.9227472527472542,-0.08759131046308222,0.9999705678219348
195,1.9327472527472542,-0.06759168498754757,0.9999895635991245
196,1.9427472527472542,-0.047591801656384894,0.999997434800933
197,1.9527472527472542,-0.027591824475054542,0.9999997100749134
198,1.9627472527472543,-0.007591826074320813,0.999999998209539
199,1.9727472527472543,0.012408173891153944,0.9999999880182144
200,1.9827472527472543,0.03240817034300364,0.999999448316309
201,1.9927472527472543,0.05240813437919173,0.9999962279231219
202,2.002747252747254,0.07240797487434583,0.9999862556980978
203,2.012747252747254,0.0924075000818192,0.99996354069803
204,2.0227472527472536,0.11240637924140671,0.999920172619381
205,2.0327472527472534,0.13240410420070844,0.999846322767216
206,2.042747252747253,0.15239995106372917,0.9997302458694821
207,2.052747252747253,0.17239294188745097,0.999558283132382
208,2.062747252747253,0.19238180645579678,0.9993148670091555
209,2.0727472527472526,0.21236494417060886,0.998982528230432
210,2.0827472527472524,0.23234038611097924,0.998541905719031
211,2.092747252747252,0.25230575732546046,0.9979717600851564
212,2.102747252747252,0.2722582394363158,0.997248991468675
213,2.1127472527472517,0.2921945336509838,0.996348662562779
214,2.1227472527472515,0.3121108242932617,0.9952440277168072
215,2.1327472527472513,0.332002742985257,0.9939065690741709
216,2.142747252747251,0.35186533363080613,0.9923060407528478
217,2.152747252747251,0.37169301837165336,0.9904105221192164
218,2.1627472527472507,0.39147956470905293,0.988186481239377
219,2.1727472527472504,0.41121805400537514,0.9855988496136237
220,2.1827472527472502,0.43090085160251246,0.9826111093073252
221,2.19274725274725,0.4505195788160896,0.9791853935829055
222,2.20274725274725,0.47006508708633804,0.9752826021105688
223,2.2127472527472496,0.4895274345876047,0.9708625317874856
224,2.2227472527472494,0.5088958656183897,0.965884024123928
225,2.232747252747249,0.5281587931120509,0.9603051300579718
226,2.242747252747249,0.5473037846243485,0.9540832929356255
227,2.2527472527472487,0.5663175521672434,0.9471755502386204
228,2.2627472527472485,0.5851859462682014,0.9395387544559115
229,2.2727472527472483,0.6038939546400391,0.931129813275977
230,2.282747252747248,0.6224257058474255,0.9219059490245903
231,2.292747252747248,0.6407644783518387,0.9118249769869023
232,2.3027472527472477,0.6588927153064266,0.900845601934264
233,2.3127472527472475,0.6767920454551847,0.8889277318270467
234,2.3227472527472472,0.6944433104665632,0.8760328072876522
235,2.332747252747247,0.7118265989995243,0.8621241450370101
236,2.342747252747247,0.7289212877597709,0.8471672930684396
237,2.3527472527472466,0.7457060897550438,0.8311303949014471
238,2.3627472527472464,0.7621591099008826,0.8139845598227731
239,2.372747252747246,0.7782579080620772,0.795704235592046
240,2.382747252747246,0.7939795695404032,0.776267579675172
241,2.3927472527472458,0.809300782936574,0.7556568246815795
242,2.4027472527472455,0.8241979252243129,0.7338586333339667
243,2.4127472527472453,0.8386471537779701,0.7108644380041372
244,2.422747252747245,0.8526245049933707,0.6866707596189144
245,2.432747252747245,0.8661059990360009,0.6612795005888719
246,2.4427472527472447,0.8790677501429285,0.6346982063518687
247,2.4527472527472445,0.8914860817969237,0.6069402901641513
248,2.4627472527472443,0.903337645985227,0.5780252159233574
249,2.472747252747244,0.9145995456535885,0.5479786340772063
250,2.482747252747244,0.925249459370991,0.516832466063289
251,2.4927472527472436,0.9352657671343236,0.48462493324031825
252,2.5027472527472434,0.9446276761676374,0.4514005269070057
253,2.512747252747243,0.9533153455098604,0.4172099167551342
254,2.522747252747243,0.9613100081401649,0.3821097959580987
255,2.5327472527472428,0.9685940893635153,0.3461626620409917
256,2.5427472527472426,0.9751513201719136,0.3094365336951742
257,2.5527472527472423,0.9809668443107271,0.2720046047677576
258,2.562747252747242,0.9860273178150073,0.23394483775017097
259,2.572747252747242,0.9903209998381509,0.19533950018342908
260,2.5827472527472417,0.9938378336743274,0.15627464846289574
261,2.5927472527472415,0.9965695169759581,0.11683956453385158
262,2.6027472527472413,0.9985095602867594,0.07712615189318661
263,2.612747252747241,0.9996533331475107,0.037228298125804714
264,2.622747252747241,0.9999980971833045,-0.00275878811678313
265,2.6327472527472406,0.9995430257447081,-0.04273925726377509
266,2.6427472527472404,0.9982892098477367,-0.08261730731217307
267,2.65274725274724,0.9962396503353017,-0.12229787169421953
268,2.66274725274724,0.9933992363621713,-0.1616872975786346
269,2.67274725274724,0.9897747104827286,-0.20069400585781422
270,2.6827472527472396,0.9853746207922777,-0.23922912445161224
271,2.6927472527472394,0.9802092607348349,-0.2772070871051018
272,2.702747252747239,0.9742905973400466,-0.314546190556421
273,2.712747252747239,0.9676321887862495,-0.3511691037808253
274,2.7227472527472387,0.9602490923033548,-0.3870033239543417
275,2.7327472527472385,0.9521577635262988,-0.42198157479843323
276,2.7427472527472383,0.9433759484859311,-0.4560421440378433
277,2.752747252747238,0.933922569478635,-0.48912915779891963
278,2.762747252747238,0.9238176060884832,-0.5211927908673759
279,2.7727472527472377,0.9130819726466637,-0.5521894127863438
280,2.7827472527472374,0.9017373934031034,-0.5820816707836949
281,2.7927472527472372,0.8898062766559649,-0.6108385114509726
282,2.802747252747237,0.877311589037666,-0.6384351439373557
283,2.812747252747237,0.8642767310932692,-0.664852948157182
284,2.8227472527472366,0.8507254152107201,-0.6900793321289854
285,2.8327472527472364,0.8366815468748746,-0.714107543061997
286,2.842747252747236,0.8221691101209798,-0.7369364371806916
287,2.852747252747236,0.8072120579607368,-0.7585702135308285
288,2.8627472527472357,0.791834208447654,-0.7790181171462485
289,2.8727472527472355,0.776059146940379,-0.7982941169818596
290,2.8827472527472353,0.7599101350151701,-0.8164165639443322
291,2.892747252747235,0.7434100263735245,-0.833407834189209
292,2.902747252747235,0.7265811899898891,-0.8492939626137473
293,2.9127472527472347,0.709445440648723,-0.8641042711717339
294,2.9227472527472345,0.6920239769311227,-0.8778709962828373
295,2.9327472527472342,0.6743373266296313,-0.8906289192175778
296,2.942747252747234,0.6564052994963682,-0.9024150029219395
297,2.952747252747234,0.6382469471646345,-0.9132680383143628
298,2.9627472527472336,0.6198805300278479,-0.923228302652626
299,2.9727472527472334,0.6013234908120264,-0.9323372321380133
300,2.982747252747233,0.5825924345388923,-0.9406371105069363
301,2.992747252747233,0.5637031145456819,-0.9481707749622855
302,3.0027472527472328,0.5446704242044763,-0.9549813404233533
303,3.0127472527472325,0.5255083939677956,-0.9611119427280966
304,3.0227472527472323,0.5062301933577147,-0.9666055011075093
305,3.032747252747232,0.48684813751223355,-0.9715044999706143
306,3.042747252747232,0.467373697904396,-0.9758507897908066
307,3.0527472527472317,0.4478175168560375,-0.9796854066698861
308,3.0627472527472315,0.42818942547838584,-0.9830484099743763
309,3.0727472527472313,0.40849846468540163,-0.9859787372883242
310,3.082747252747231,0.38875290894211684,-0.9885140758059945
311,3.092747252747231,0.36896029242873835,-0.9906907491946684
312,3.1027472527472306,0.3491274373213976,-0.9925436188898916
313,3.1127472527472304,0.32926048391166585,-0.9941059987406078
314,3.12274725274723,0.30936492230888163,-0.9954095818972579
315,3.13274725274723,0.2894456254915667,-0.9964843788297288
316,3.1427472527472298,0.2695068834963952,-0.9973586653716731
317,3.1527472527472296,0.24955243855504017,-0.9980589397109983
318,3.1627472527472293,0.22958552101049481,-0.9986098872811786
319,3.172747252747229,0.2096088858649403,-0.9990343525525782
320,3.182747252747229,0.18962484983073707,-0.9993533167755049
321,3.1927472527472287,0.1696353287745007,-0.9995858807856838
322,3.2027472527472285,0.14964187546137622,-0.9997492520469604
323,3.2127472527472283,0.12964571752245407,-0.9998587351741308
324,3.222747252747228,0.10964779558270484,-0.9999277252499132
325,3.232747252747228,0.08964880149980091,-0.999967703323404
326,3.2427472527472276,0.06964921667569851,-0.9999882335522619
327,3.2527472527472274,0.04964935041285059,-0.999996961526831
328,3.262747252747227,0.029649378295391646,-0.9999996133910599
329,3.272747252747227,0.00964938058256793,-0.9999999954521231
330,3.282747252747227,-0.010350619392923817,-0.9999999940479215
331,3.2927472527472266,-0.030350616825183092,-0.9999995755190011
332,3.3027472527472264,-0.05035058703513659,-0.9999967862088364
333,3.312747252747226,-0.0703504470708053,-0.9999877524938332
334,3.322747252747226,-0.09035001730906077,-0.9999666809218236
335,3.3327472527472257,-0.11034898306247305,-0.999925858615222
336,3.3427472527472255,-0.13034685619875025,-0.9998556541723815
337,3.3527472527472253,-0.15034293678571276,-0.9997445193779485
338,3.362747252747225,-0.17033627478173255,-0.9995789921100525
339,3.372747252747225,-0.19032563180009168,-0.9993437009088
340,3.3827472527472247,-0.21030944298576432,-0.9990213717464738
341,3.3927472527472244,-0.23028577905468522,-0.998592837614696
342,3.4027472527472242,-0.25025230855860886,-0.9980370516170766
343,3.412747252747224,-0.2702062604531482,-0.997331104326891
344,3.422747252747224,-0.2901443870624587,-0.9964502462373028
345,3.4327472527472236,-0.3100629275512301,-0.9953679161955987
346,3.4427472527472234,-0.32995757203307624,-0.9940557767716809
347,3.452747252747223,-0.3498234264639518,-0.9924837575633312
348,3.462747252747223,-0.36965497848973317,-0.9906201074849907
349,3.4727472527472227,-0.389446064438397,-0.9884314571212809
350,3.4827472527472225,-0.40918983766910555,-0.9858828922493242
351,3.4927472527472223,-0.4288787385127027,-0.9829380396430466
352,3.502747252747222,-0.4485044660603511,-0.9795591662658462
353,3.512747252747222,-0.46805795207894907,-0.9757072929329801
354,3.5227472527472217,-0.4875293373531724,-0.971342323479349
355,3.5327472527472215,-0.5069079507740548,-0.9664231903996411
356,3.5427472527472212,-0.5261822915124607,-0.9609080178336679
357,3.552747252747221,-0.5453400146320924,-0.9547543026479354
358,3.562747252747221,-0.5643679205102301,-0.9479191142130218
359,3.5727472527472206,-0.5832519484446193,-0.9403593132934621
360,3.5827472527472204,-0.6019771748311545,-0.9320317902512915
361,3.59274725274722,-0.6205278162985975,-0.9228937225154376
362,3.60274725274722,-0.6388872381828423,-0.9129028509867309
363,3.6127472527472198,-0.6570379687135381,-0.9020177747331788
364,3.6227472527472195,-0.6749617192695623,-0.8901982629840274
365,3.6327472527472193,-0.692639411036305,-0.8774055830567739
366,3.642747252747219,-0.7100512083664638,-0.8636028424526249
367,3.652747252747219,-0.7271765591066016,-0.8487553429380995
368,3.6627472527472187,-0.7439942421037872,-0.8328309440000466
369,3.6727472527472185,-0.7604824220500331,-0.8158004326260917
370,3.6827472527472183,-0.7766187117569588,-0.7976378959315635
371,3.692747252747218,-0.7923802418793304,-0.7783210927375904
372,3.702747252747218,-0.807743738024268,-0.7578318198146899
373,3.7127472527472176,-0.8226856050935993,-0.7361562681540512
374,3.7227472527472174,-0.8371820186109782,-0.7132853643276482
375,3.732747252747217,-0.8512090226841205,-0.6892150917613963
376,3.742747252747217,-0.8647426341472575,-0.6639467865856702
377,3.7527472527472168,-0.8777589523213288,-0.6374874026569144
378,3.7627472527472166,-0.8902342737214327,-0.609849740373938
379,3.7727472527472163,-0.902145210934734,-0.581052634052299
380,3.782747252747216,-0.9134688147896659,-0.5511210928772504
381,3.792747252747216,-0.9241826988412577,-0.5200863908346742
382,3.8027472527472157,-0.9342651651102252,-0.4879861015217358
383,3.8127472527472155,-0.9436953299375341,-0.4548640743625916
384,3.8227472527472153,-0.952453248753858,-0.42077034949349607
385,3.832747252747215,-0.9605200385169177,-0.38576100942622327
386,3.842747252747215,-0.9678779965410946,-0.34989796653501765
387,3.8527472527472146,-0.9745107144346071,-0.3132486864226781
388,3.8627472527472144,-0.9804031858712199,-0.27588584828473456
389,3.872747252747214,-0.9855419069567286,-0.23788694448291797
390,3.882747252747214,-0.989914968005653,-0.1993338226338721
391,3.892747252747214,-0.9935121356204512,-0.1603121745884518
392,3.9027472527472136,-0.9963249240633425,-0.12091097769260042
393,3.9127472527472134,-0.9983466550281475,-0.08122189465474935
394,3.922747252747213,-0.9995725050545077,-0.04133863917048525
395,3.932747252747213,-0.9999995399770425,-0.0013563151489393022
396,3.9427472527472127,-0.9996267359645662,0.03862926207352588
397,3.9527472527472125,-0.9984549868762184,0.07852225377443338
398,3.9627472527472123,-0.9964870978387456,0.11822748619095758
399,3.972747252747212,-0.9937277651285521,0.15765113021384294
400,3.982747252747212,-0.9901835426197771,0.19670136365275204
401,3.9927472527472117,-0.9858627952318783,0.23528900765672717
402,4.002747252747212,-0.9807756399734984,0.2733281294035864
403,4.012747252747212,-0.9749338753305193,0.31073660385602725
404,4.0227472527472115,-0.968350899882272,0.34743662819981364
405,4.032747252747211,-0.9610416211484628,0.3833551835067941
406,4.042747252747211,-0.9530223557685181,0.41842443917653527
407,4.052747252747211,-0.9443107221933812,0.4525820967769713
408,4.062747252747211,-0.9349255271264685,0.4857716709984004
409,4.07274725274721,-0.9248866469852501,0.5179427065284243
410,4.08274725274721,-0.9142149056680392,0.5490509307215343
411,4.09274725274721,-0.9029319499028498,0.5790583429517286
412,4.10274725274721,-0.891060123427859,0.6079332424784728
413,4.1127472527472095,-0.8786223412077268,0.6356501975075836
414,4.122747252747209,-0.8656419648287426,0.6621899588751461
415,4.132747252747209,-0.8521426801406959,0.6875393224142301
416,4.142747252747209,-0.8381483781268583,0.7116909445748112
417,4.152747252747209,-0.8236830398879776,0.7346431162546128
418,4.1627472527472085,-0.8087706265241811,0.7563995000638043
419,4.172747252747208,-0.7934349745925535,0.7769688363940536
420,4.182747252747208,-0.7776996977102053,0.7963646236994677
421,4.192747252747208,-0.7615880947649706,0.8146047783328486
422,4.202747252747208,-0.7451230650904124,0.8317112791264708
423,4.212747252747207,-0.7283270308602283,0.8477098016744842
424,4.222747252747207,-0.7112218668608813,0.8626293469769206
425,4.232747252747207,-0.6938288377114968,0.8765018687562106
426,4.242747252747207,-0.6761685425176759,0.889361903368948
427,4.2527472527472066,-0.6582608668715328,0.9012462058206735
428,4.262747252747206,-0.6401249420443993,0.9121933949611316
429,4.272747252747206,-0.6217791111614386,0.9222436105021947
430,4.282747252747206,-0.6032409020988939,0.9314381840696229
431,4.292747252747206,-0.584527006804688,0.9398193260809614
432,4.3027472527472055,-0.5656532667112799,0.9474298298417314
433,4.312747252747205,-0.5466346638856494,0.9543127938759217
434,4.322747252747205,-0.5274853175444891,0.9605113631586542
435,4.332747252747205,-0.5082184855525519,0.9660684896016044
436,4.342747252747205,-0.48884657051799435,0.9710267118570857
437,4.352747252747204,-0.4693811300998039,0.9754279542554676
438,4.362747252747204,-0.4498328911483402,0.9793133444728025
439,4.372747252747204,-0.4302117673099855,0.9827230493404798
440,4.382747252747204,-0.41052687974025137,0.9856961280551779
441,4.392747252747204,-0.39078658058580695,0.9882704019236419
442,4.402747252747203,-0.37099847891420956,0.9904823396808802
443,4.412747252747203,-0.351169468790089,0.9923669573500036
444,4.422747252747203,-0.3313057592176817,0.9939577315647742
445,4.432747252747203,-0.31141290569148616,0.9952865252495736
446,4.4427472527472025,-0.2914958431190235,0.9963835245435404
447,4.452747252747202,-0.2715589199018978,0.9972771858637421
448,4.462747252747202,-0.2516059329832538,0.9979941920242187
449,4.472747252747202,-0.23164016369107365,0.9985594163614836
450,4.482747252747202,-0.21166441422732157,0.9989958938606995
451,4.492747252747201,-0.19168104467255512,0.9993247983285152
452,4.502747252747201,-0.17169201039412843,0.999565424716933
453,4.512747252747201,-0.15169889976339634,0.9997351757662154
454,4.522747252747201,-0.13170297210329712,0.9998495522025704
455,4.532747252747201,-0.11170519580227245,0.9999221457971994
456,4.5427472527472,-0.09170628654362376,0.9999646346664233
457,4.5527472527472,-0.07170674561106422,0.9999867802673694
458,4.5627472527472,-0.051706898241378786,0.9999964256195769
459,4.5727472527472,-0.03170693200373237,0.9999994943594698
460,4.5827472527471995,-0.011706935192257812,0.9999999903116659
461,4.592747252747199,0.008293064775896346,0.9999999973383418
462,4.602747252747199,0.028293062960876327,0.9999996793052325
463,4.612747252747199,0.04829303850015523,0.999997280080247
464,4.622747252747199,0.06829291620874407,0.9999891235580924
465,4.6327472527471985,0.0882925281806809,0.999969613781713
466,4.642747252747198,0.10829157539508746,0.9999312353087537
467,4.652747252747198,0.12828958933382079,0.9998645540486303
468,4.662747252747198,0.1482858936230317,0.9997582188730619
469,4.672747252747198,0.1682795657177707,0.9995989643799961
470,4.682747252747197,0.18826939865714756,0.9993716152675337
471,4.692747252747197,0.20825386292744552,0.9990590928504892
472,4.702747252747197,0.22823106848199437,0.9986424243272045
473,4.712747252747197,0.24819872697949796,0.9981007554776941
474,4.7227472527471965,0.26815411431684977,0.9974113675454829
475,4.732747252747196,0.288094033548206,0.9965496991238286
476,4.742747252747196,0.3080147782991518,0.9954893739314338
477,4.752747252747196,0.3279120968031008,0.994202235422122
478,4.762747252747196,0.34778115670649984,0.9926583892259592
479,4.7727472527471955,0.3676165108098265,0.9908262544644314
480,4.782747252747195,0.38741206393259114,0.9886726250178645
481,4.792747252747195,0.407161041112383,0.9861627418473877
482,4.802747252747195,0.4268559573701739,0.9832603774843837
483,4.812747252747195,0.4464885892963321,0.9799279337953085
484,4.822747252747194,0.4660499487337558,0.9761265541067216
485,4.832747252747194,0.48553025885583573,0.9718162507319246
486,4.842747252747194,0.504918932957161,0.9669560488743761
487,4.852747252747194,0.5242045562935158,0.9615041477916368
488,4.8627472527471935,0.5433748713242498,0.9554180999847548
489,4.872747252747193,0.5624167667239669,0.9486550090296701
490,4.882747252747193,0.5813162705410725,0.9411717464876413
491,4.892747252747193,0.6000585478873867,0.9329251881195556
492,4.902747252747193,0.6186279035451324,0.9238724693834751
493,4.9127472527471925,0.6370077898744613,0.9139712599157719
494,4.922747252747192,0.6551808203956172,0.9031800563843846
495,4.932747252747192,0.6731287894042353,0.8914584927596871
496,4.942747252747192,0.6908326979555054,0.8787676666768451
497,4.952747252747192,0.7082727865224858,0.8650704801671495
498,4.962747252747191,0.7254285745952662,0.8503319926197117
499,4.972747252747191,0.7422789074406294,0.8345197834054382
500,4.982747252747191,0.7588020101861515,0.8176043211600439
501,4.992747252747191,0.7749755493282801,0.7995593362910017
502,5.002747252747191,0.7907767016910172,0.780362192854953
503,5.01274725274719,0.8061822307807724,0.7599942555585131
504,5.02274725274719,0.821168570394375,0.7384412472787593
505,5.03274725274719,0.8357119152419952,0.7156935921927755
506,5.04274725274719,0.8497883182459566,0.6917467393615009
507,5.0527472527471895,0.8633737940715038,0.6666014614447293
508,5.062747252747189,0.8764444283381697,0.6402641231437949
509,5.072747252747189,0.8889764918523303,0.6127469139875349
510,5.082747252747189,0.9009465590949423,0.584068040205245
511,5.092747252747189,0.9123316300955792,0.5542518706750825
512,5.102747252747188,0.9231092547271088,0.5233290323026616
513,5.112747252747188,0.9332576583671423,0.4913364506742369
514,5.122747252747188,0.942755867795184,0.4583173324401953
515,5.132747252747188,0.9515838361306186,0.4243210866121029
516,5.142747252747188,0.9597225655685051,0.38940318279083663
517,5.152747252747187,0.9671542266396399,0.35362494527094335
518,5.162747252747187,0.973862272710172,0.31705328297005436
519,5.172747252747187,0.9798315484455534,0.2797603561911575
520,5.182747252747187,0.9850483909946333,0.24182318231598238
521,5.1927472527471865,0.9895007227026413,0.20332318362351043
522,5.202747252747186,0.9931781342364829,0.1643456815009376
523,5.212747252747186,0.9960719571014439,0.12497934233689834
524,5.222747252747186,0.998175324643794,0.08531558133037008
525,5.232747252747186,0.9994832207670202,0.045447931286761584
526,5.2427472527471854,0.9999925157381728,0.005471384180997692
527,5.252747252747185,0.9997019886222426,-0.03451828617494081
528,5.262747252747185,0.9986123360534329,-0.07442521163226695
529,5.272747252747185,0.9967261672291615,-0.11415411843452493
530,5.282747252747185,0.9940479851919717,-0.153611008211141
531,5.292747252747184,0.9905841546425237,-0.1927038224316959
532,5.302747252747184,0.9863428566997828,-0.23134308185946567
533,5.312747252747184,0.9813340311888917,-0.26944249305610507
534,5.322747252747184,0.9755693071897288,-0.30691951465835243
535,5.3327472527471835,0.9690619227168987,-0.34369587695250065
536,5.342747252747183,0.9618266345223783,-0.3796980491896852
537,5.352747252747183,0.9538796191132631,-0.41485765008869224
538,5.362747252747183,0.9452383661575822,-0.4491117980352217
539,5.372747252747183,0.9359215655100653,-0.4824033985789612
540,5.3827472527471825,0.9259489891267628,-0.5146813679244123
541,5.392747252747182,0.9153413691527292,-0.5459007921814768
542,5.402747252747182,0.9041202734613564,-0.5760230231628218
543,5.412747252747182,0.8923079798985613,-0.6050157124653415
544,5.422747252747182,0.8799273504415132,-0.6328527864343451
545,5.432747252747181,0.8670017064218518,-0.6595143653669424
546,5.442747252747181,0.8535547058895837,-0.684986630954919
547,5.452747252747181,0.8396102241084009,-0.709261646490657
548,5.462747252747181,0.8251922380784895,-0.7323371347596537
549,5.4727472527471805,0.8103247158814467,-0.7542162188208151
550,5.48274725274718,0.7950315115361158,-0.7749071310350848
551,5.49274725274718,0.7793362659462783,-0.7944228957509718
552,5.50274725274718,0.763262314413351,-0.8127809910013575
553,5.51274725274718,0.7468326010814632,-0.8300029944204623
554,5.5227472527471795,0.730069600580232,-0.8461142183651756
555,5.532747252747179,0.7129952470336862,-0.8611433389339131
556,5.542747252747179,0.695630870513287,-0.8751220232318394
557,5.552747252747179,0.6779971409298085,-0.8880845588465658
558,5.562747252747179,0.6601140192836514,-0.9000674890856808
559,5.572747252747178,0.6420007161264075,-0.911109257098233
560,5.582747252747178,0.623675657028401,-0.9212498615670874
561,5.592747252747178,0.6051564547975279,-0.9305305262272323
562,5.602747252747178,0.5864598881538385,-0.9389933850446646
563,5.612747252747178,0.5676018865316776,-0.9466811844881479
564,5.622747252747177,0.5485975206563801,-0.9536370039473153
565,5.632747252747177,0.5294609985250115,-0.9599039949994194
566,5.642747252747177,0.5102056664098558,-0.9655251399064692
567,5.652747252747177,0.49084401449865384,-0.9705430294364148
568,5.6627472527471765,0.471387686786325,-0.9749996598473469
569,5.672747252747176,0.45184749483839265,-0.9789362486524635
570,5.682747252747176,0.43223343505591855,-0.9823930685951835
571,5.692747252747176,0.41255470908477965,-0.9854092991070657
572,5.702747252747176,0.3928197470279852,-0.9880228943944734
573,5.712747252747175,0.373036233137845,-0.990270467201228
574,5.722747252747175,0.3532111336846228,-0.9921871872216005
575,5.732747252747175,0.3333507267193569,-0.9938066930885631
576,5.742747252747175,0.31346063347034425,-0.9951610168338288
577,5.752747252747175,0.29354585113498427,-0.9962805197064695
578,5.762747252747174,0.2736107868508991,-0.9971938382434656
579,5.772747252747174,0.25365929265219805,-0.997927839506188
580,5.782747252747174,0.23369470123816347,-0.9985075844294377
581,5.792747252747174,0.213719862402293,-0.9989562982723688
582,5.8027472527471735,0.193737179989348,-0.9992953472116267
583,5.812747252747173,0.17374864926668418,-0.9995442201747994
584,5.822747252747173,0.15375589461355443,-0.9997205150754357
585,5.832747252747173,0.133760207448182,-0.9998399286782458
586,5.842747252747173,0.11376258432712813,-0.9999162493936581
587,5.8527472527471724,0.09376376516476911,-0.9999613523738414
588,5.862747252747172,0.07376427153251183,-0.9999851963569227
589,5.872747252747172,0.05376444500768554,-0.999995821781915
590,5.882747252747172,0.03376448555083339,-0.9999993497733994
591,5.892747252747172,0.013764489897376764,-0.9999999816719941
592,5.902747252747171,-0.006235510044667037,-0.9999999988638753
593,5.912747252747171,-0.026235508795072065,-0.9999997627399684
594,5.922747252747171,-0.04623548890144048,-0.9999977146928263
595,5.932747252747171,-0.0662353825393678,-0.9999903761366236
596,5.9427472527471705,-0.08623503311369832,-0.9999723486131089
597,5.95274725274717,-0.10623415686386356,-0.9999363141237635
598,5.96274725274717,-0.1262323044798748,-0.9998730359057898
599,5.97274725274717,-0.14622882274066717,-0.999771359946845
600,5.98274725274717,-0.16622281619316182,-0.9996182176105324
601,5.9927472527471695,-0.18621310889862133,-0.9993986298213977
602,6.002747252747169,-0.20619820628261099,-0.999095713334281
603,6.012747252747169,-0.22617625713612838,-0.9986906896879925
604,6.022747252747169,-0.24614501582820295,-0.9981628975169188
605,6.032747252747169,-0.26610180480445805,-0.9974898089657118
606,6.042747252747168,-0.2860434774617244,-0.9966470510208817
607,6.052747252747168,-0.305966381505725,-0.995608432637988
608,6.062747252747168,-0.32586632291703505,-0.9943459786030642
609,6.072747252747168,-0.3457385306698412,-0.9928299711206376
610,6.0827472527471675,-0.3655776223683473,-0.9910290001667295
611,6.092747252747167,-0.3853775709868225,-0.9889100236818483
612,6.102747252747167,-0.40513167292106594,-0.9864384387043916
613,6.112747252747167,-0.4248325175812114,-0.9835781645569833
614,6.122747252747167,-0.4444719587780435,-0.9802917391949454
615,6.1327472527471665,-0.4640410881770004,-0.976540429805012
616,6.142747252747166,-0.48353021111542244,-0.9722843587011663
617,6.152747252747166,-0.5029288250989478,-0.967482645500703
618,6.162747252747166,-0.5222256013117725,-0.9620935664749036
619,6.172747252747166,-0.5414083694922694,-0.9560747318527901
620,6.182747252747165,-0.5604641065396266,-0.9493832817112088
621,6.192747252747165,-0.5793789292281236,-0.9419761009082082
622,6.202747252747165,-0.5981380914127672,-0.9338100533079265
623,6.212747252747165,-0.6167259861126114,-0.9248422353031497
624,6.222747252747165,-0.6351261528555072,-0.9150302483661259
625,6.232747252747164,-0.6533212906596091,-0.9043324900497276
626,6.242747252747164,-0.6712932770120589,-0.8927084625211136
627,6.252747252747164,-0.6890231931832664,-0.8801190973412157
628,6.262747252747164,-0.7064913561855728,-0.8665270948093248
629,6.2727472527471635,-0.7236773576473505,-0.8518972757777028
630,6.282747252747163,-0.7405601098274291,-0.8361969434127268
631,6.292747252747163,-0.7571178989399178,-0.8193962519440996
632,6.302747252747163,-0.773328445895989,-0.8014685790110165
633,6.312747252747163,-0.789168974497134,-0.7823908977939082
634,6.322747252747162,-0.8046162870341537,-0.7621441447236931
635,6.332747252747162,-0.8196468471583132,-0.7407135781994432
636,6.342747252747162,-0.8342368697964814,-0.7180891234327377
637,6.352747252747162,-0.848362417781823,-0.6942656982857867
638,6.362747252747162,-0.8619995047670458,-0.6692435147936362
639,6.372747252747161,-0.8751242038799619,-0.643028350970846
640,6.382747252747161,-0.8877127614730367,-0.6156317875113876
641,6.392747252747161,-0.8997417152117544,-0.5870714041070223
642,6.402747252747161,-0.9111880156432606,-0.5573709303418888
643,6.4127472527471605,-0.9220291502892263,-0.5265603464746723
644,6.42274725274716,-0.9322432692176719,-0.49467592989670317
645,6.43274725274716,-0.9418093109700452,-0.46176024365332696
646,6.44274725274716,-0.9507071276545643,-0.4278620641318283
647,6.45274725274716,-0.9589176079669725,-0.3930362458430418
648,6.462747252747159,-0.9664227968674337,-0.35734352214252885
649,6.472747252747159,-0.9732060106290727,-0.32085024173396226
650,6.482747252747159,-0.9792519459809783,-0.283628041851697
651,6.492747252747159,-0.9845467820972795,-0.24575346010789467
652,6.502747252747159,-0.9890782742345846,-0.20730748808604216
653,6.512747252747158,-0.9928358378925334,-0.16837507083963374
654,6.522747252747158,-0.9958106224657853,-0.12904455748380786
655,6.532747252747158,-0.9979955734691994,-0.08940710902071411
656,6.542747252747158,-0.9993854825494706,-0.0495560703894949
657,6.5527472527471575,-0.999977024643766,-0.00958631445445473
658,6.562747252747157,-0.9997687818061759,0.03040643378101693
659,6.572747252747157,-0.9987612533929175,0.07032628403905745
660,6.582747252747157,-0.9969568524737475,0.11007786978479855
661,6.592747252747157,-0.9943598885163121,0.14956703042621367
662,6.6027472527471565,-0.9909765365684641,0.18870147786761024
663,6.612747252747156,-0.9868147933372103,0.22739143891199207
664,6.622747252747156,-0.9818844207283594,0.26555026550387184
665,6.632747252747156,-0.9761968775648172,0.3030950054579502
666,6.642747252747156,-0.9697652403408648,0.3399469271109914
667,6.652747252747155,-0.9626041139921034,0.3760319922411325
668,6.662747252747155,-0.954729533764039,0.4112812725948925
669,6.672747252747155,-0.9461588593449692,0.4456313064196614
670,6.682747252747155,-0.9369106624900126,0.47902439249007134
671,6.6927472527471545,-0.9270046094023768,0.5114088202122765
672,6.702747252747154,-0.9164613391554869,0.5427390354639317
673,6.712747252747154,-0.905302339436073,0.5729757428547713
674,6.722747252747154,-0.8935498208649005,0.6020859460511668
675,6.732747252747154,-0.8812265911100887,0.630042928679244
676,6.7427472527471535,-0.8683559299498003,0.65682617909018
677,6.752747252747153,-0.8549614663686573,0.6824212629272232
678,6.762747252747153,-0.841067058687887,0.7068196479698309
679,6.772747252747153,-0.8266966786353573,0.730018486143016
680,6.782747252747153,-0.8118743001608013,0.7520203578700702
681,6.792747252747152,-0.7966237936960562,0.7728329841181001
682,6.802747252747152,-0.7809688264523857,0.792468911544894
683,6.812747252747152,-0.7649327692390623,0.8109451761114781
684,6.822747252747152,-0.7485386101813176,0.8282829503880824
685,6.832747252747152,-0.7318088756132667,0.8445071795641158
686,6.842747252747151,-0.7147655583239425,0.859646210887937
687,6.852747252747151,-0.6974300532433775,0.8737314209227626
688,6.862747252747151,-0.6798231005716939,0.8867968446238993
689,6.872747252747151,-0.6619647362781276,0.8988788098320706
690,6.8827472527471505,-0.6438742498292715,0.9100155803495598
691,6.89274725274715,-0.6255701489468436,0.9202470103308568
692,6.90274725274715,-0.6070701311449794,0.9296142122869121
693,6.91274725274715,-0.5883910617553191,0.938159240580149
694,6.92274725274715,-0.5695489581146872,0.9459247918829149
695,6.932747252747149,-0.5505589795645724,0.952953923690601
696,6.942747252747149,-0.5314354228933763,0.9592897916264874
697,6.952747252747149,-0.5121917228409507,0.9649754059515605
698,6.962747252747149,-0.4928404572796498,0.9700534074010626
699,6.972747252747149,-0.4733933566863223,0.9745658622113986
700,6.982747252747148,-0.4538613175247011,0.978554075976376
701,6.992747252747148,-0.4342544191668381,0.9820584257800532
702,7.002747252747148,-0.4145819439949373,0.9851182098935621
703,7.012747252747148,-0.3948524003405388,0.9877715141935532
704,7.0227472527471475,-0.3750735479359121,0.9900550943584288
705,7.032747252747147,-0.35525242557219094,0.9920042728230922
706,7.042747252747147,-0.3353953806797219,0.9936528494212057
707,7.052747252747147,-0.3155081005678559,0.9950330246135051
708,7.062747252747147,-0.2955956450835876,0.9961753341891736
709,7.072747252747146,-0.2756624804706823,0.9971085943322654
710,7.082747252747146,-0.25571251423291896,0.9978598559644671
711,7.092747252747146,-0.23574913082655694,0.9984543673069729
712,7.102747252747146,-0.21577522802787608,0.9989155436459921
713,7.112747252747146,-0.19579325384145954,0.9992649433366377
714,7.122747252747145,-0.17580524383363366,0.9995222491370805
715,7.132747252747145,-0.15581285879302192,0.9997052540275132
716,7.142747252747145,-0.13581742263641688,0.9998298507354453
717,7.152747252747145,-0.11581996049304424,0.9999100242591226
718,7.1627472527471445,-0.0958212369137349,0.9999578467535886
719,7.172747252747144,-0.07582179416348703,0.9999834742183792
720,7.182747252747144,-0.05582199056636584,0.9999951445015284
721,7.192747252747144,-0.03582203888063129,0.9999991762110306
722,7.202747252747144,-0.015822044689392096,0.9999999682018584
723,7.2127472527471435,0.00417795520204934,0.9999999993838464
724,7.222747252747143,0.024177954366675972,0.9999998286731007
725,7.232747252747143,0.04417793835580122,0.9999980949869849
726,7.242747252747143,0.06417784629919726,0.9999915172601507
727,7.252747252747143,0.0841775325061472,0.9999748945364871
728,7.262747252747142,0.10417672807013324,0.9999411062692776
729,7.272747252747142,0.12417500248329288,0.9998811130392287
730,7.282747252747142,0.14417172527174152,0.9997839579773418
731,7.292747252747142,0.16416602766937077,0.9996367692567222
732,7.3027472527471415,0.1841567643557828,0.9994247640942004
733,7.312747252747141,0.20414247529360077,0.9991312547788286
734,7.322747252747141,0.22412134771149197,0.9987376573195486
735,7.332747252747141,0.24409117829182628,0.9982235033781496
736,7.342747252747141,0.26404933563593747,0.9975664562254226
737,7.3527472527471405,0.2839927230954082,0.9967423315274302
738,7.36274725274714,0.30391774207459804,0.9957251238341154
739,7.37274725274714,0.3238202559276924,0.9944870397029838
740,7.38274725274714,0.34369555459276047,0.9929985384450226
741,7.39274725274714,0.36353832012553666,0.991228381526907
742,7.402747252747139,0.3833425933167142,0.9891436917012285
743,7.412747252747139,0.4031017415982612,0.9867100229631209
744,7.422747252747139,0.4228084284663954,0.9838914424452413
745,7.432747252747139,0.44245458467110577,0.9806506253614262
746,7.4427472527471386,0.46203138144415257,0.9769489640901905
747,7.452747252747138,0.48152920605894733,0.9727466924501882
748,7.462747252747138,0.5009376400361826,0.9680030261584128
749,7.472747252747138,0.5202454403280772,0.9626763203758676
750,7.482747252747138,0.5394405238311173,0.9567242451324156
751,7.4927472527471375,0.5585099555916337,0.9501039792804095
752,7.502747252747137,0.5774399410798718,0.9427724234536754
753,7.512747252747137,0.5962158229157439,0.9346864323030731
754,7.522747252747137,0.6148220824325469,0.925803066041242
755,7.532747252747137,0.6332423464629144,0.9160798610570071
756,7.542747252747136,0.6514593997234871,0.9054751190547572
757,7.552747252747136,0.6694552031605694,0.8939482138373042
758,7.562747252747136,0.6872109185978031,0.8814599144847294
759,7.572747252747136,0.7047069399980558,0.86797272329006
760,7.582747252747136,0.7219229316148459,0.8534512264000969
761,7.592747252747135,0.73883787326334,0.8378624546824119
762,7.602747252747135,0.7554301128870334,0.8211762519048569
763,7.612747252747135,0.7716774265336113,0.8033656468805862
764,7.622747252747135,0.7875570857822985,0.7844072258095642
765,7.6327472527471345,0.8030459325855829,0.7642815006478637
766,7.642747252747134,0.8181204614010993,0.7429732689707891
767,7.652747252747134,0.8327569083955166,0.720471960477647
768,7.662747252747134,0.8469313474025288,0.6967719650278738
769,7.672747252747134,0.8606197922128649,0.6718729369132108
770,7.682747252747133,0.8737983046671808,0.645780069971221
771,7.692747252747133,0.8864431079146068,0.618504338143192
772,7.702747252747133,0.89853070409265,0.5900626961844665
773,7.712747252747133,0.9100379955803165,0.5604782354554819
774,7.722747252747133,0.9209424088780901,0.5297802900628311
775,7.732747252747132,0.931222020078227,0.49800448908393835
776,7.742747252747132,0.9408556808091632,0.46519275119555525
777,7.752747252747132,0.9498231434710876,0.4313932187305396
778,7.762747252747132,0.9581051845281846,0.3966601290006618
779,7.7727472527471315,0.9656837245887507,0.3610536216328846
780,7.782747252747131,0.9725419439891219,0.32463948165618123
781,7.792747252747131,0.9786643926024984,0.2874888191254103
782,7.802747252747131,0.9840370926203086,0.24967768715481534
783,7.812747252747131,0.9886476331021736,0.21128664133060887
784,7.8227472527471305,0.9924852551607821,0.17240024455234818
785,7.83274725274713,0.9955409267394268,0.13310652238806783
786,7.84274725274713,0.99780740605142,0.0934963749902113
787,7.85274725274713,0.9992792928803546,0.053662952481275505
788,7.86274725274713,0.9999530670859497,0.013701001454924172
789,7.872747252747129,0.9998271138192991,-0.026293809171516053
790,7.882747252747129,0.9989017351206018,-0.06622557429139941
791,7.892747252747129,0.99717914774848,-0.10599884181945322
792,7.902747252747129,0.9946634672691547,-0.14551929600432023
793,7.9127472527471285,0.9913606786123146,-0.18469442599110697
794,7.922747252747128,0.9872785934748035,-0.22343417108766972
795,7.932747252747128,0.9824267951196543,-0.2616515346675963
796,7.942747252747128,0.9768165712732112,-0.29926315928130004
797,7.952747252747128,0.9704608359640794,-0.33618985632536336
798,7.9627472527471275,0.9633740412718513,-0.3723570845164967
799,7.972747252747127,0.9555720800588824,-0.4076953724045946
800,7.982747252747127,0.9470721808432568,-0.44214068121186473
801,7.992747252747127,0.9378927960344965,-0.47563470537352953
802,8.002747252747128,0.9280534847950807,-0.5081251092519821
803,8.012747252747127,0.917574791810589,-0.539565699573455
804,8.022747252747127,0.9064781232498547,-0.569916534169301
805,8.032747252747127,0.8947856211751135,-0.5991439685703377
806,8.042747252747127,0.8825200376221691,-0.6272206428837501
807,8.052747252747126,0.8697046095140404,-0.6541254121621006
808,8.062747252747126,0.8563629355004897,-0.6798432241419681
809,8.072747252747126,0.8425188557325921,-0.704364948778145
810,8.082747252747126,0.8281963354885256,-0.7276871644247214
811,8.092747252747126,0.8134193534665107,-0.7498119058169523
812,8.102747252747125,0.7982117954557211,-0.7707463791910373
813,8.112747252747125,0.7825973539883585,-0.7905026499491791
814,8.122747252747125,0.766599434468118,-0.8090973082432914
815,8.132747252747125,0.7502410681639254,-0.8265511177230536
816,8.142747252747125,0.7335448323548898,-0.8428886524845953
817,8.152747252747124,0.716532777814362,-0.8581379269776424
818,8.162747252747124,0.6992263637291019,-0.872330023294525
819,8.172747252747124,0.6816464000647975,-0.8854987198870077
820,8.182747252747124,0.6638129973123015,-0.8976801253489322
821,8.192747252747123,0.6457455234804343,-0.9089123204759311
822,8.202747252747123,0.6274625681413224,-0.919235011378689
823,8.212747252747123,0.6089819132830516,-0.9286891959929953
824,8.222747252747123,0.5903205106818084,-0.9373168459064493
825,8.232747252747123,0.5714944654713807,-0.9451606050151308
826,8.242747252747122,0.5525190255615104,-0.9522635061395096
827,8.252747252747122,0.5334085765376166,-0.958668706371733
828,8.262747252747122,0.5141766416622963,-0.9644192415993805
829,8.272747252747122,0.49483588659310374,-0.9695578003559081
830,8.282747252747122,0.47539812843078333,-0.9741265168864106
831,8.292747252747121,0.4558743487166888,-0.9781667830892576
832,8.302747252747121,0.43627471000692053,-0.9817190787991076
833,8.312747252747121,0.4166085756630824,-0.9848228197136939
834,8.32274725274712,0.39688453251488914,-0.9875162221340379
835,8.33274725274712,0.3771104160675515,-0.9898361835834542
836,8.34274725274712,0.3572933379463799,-0.9918181782927029
837,8.35274725274712,0.3374397152918794,-0.9934961664845792
838,8.36274725274712,0.3175553018403023,-0.9949025163587096
839,8.37274725274712,0.29764522044677255,-0.9960679376639421
840,8.38274725274712,0.27771399683034076,-0.9970214257491089
841,8.39274725274712,0.2577655943423559,-0.9977902150008707
842,8.402747252747119,0.23780344958108218,-0.998399740607671
843,8.412747252747119,0.21783050869631587,-0.9988736076296066
844,8.422747252747119,0.1978492642476805,-0.9992335664034505
845,8.432747252747118,0.17786179249913928,-0.9994994933685565
846,8.442747252747118,0.15786979104993576,-0.9996893764615272
847,8.452747252747118,0.13787461671855739,-0.9998193042941057
848,8.462747252747118,0.11787732361133137,-0.9999034583987303
849,8.472747252747117,0.09787870132085341,-0.9999541078986963
850,8.482747252747117,0.07787931321156909,-0.9999816060341905
851,8.492747252747117,0.05787953476044896,-0.9999943880510469
852,8.502747252747117,0.03787959192979817,-0.9999989700354769
853,8.512747252747117,0.01787959955680799,-0.999999948354939
854,8.522747252747116,-0.002120400249518428,-0.9999999994425098
855,8.532747252747116,-0.022120399708954006,-0.9999998797394528
856,8.542747252747116,-0.042120386970105284,-0.9999984256880751
857,8.552747252747116,-0.06212030771051135,-0.999992553744373
858,8.562747252747116,-0.08212002673751997,-0.9999772604573807
859,8.572747252747115,-0.10211928959238928,-0.9999456227395428
860,8.582747252747115,-0.12211768416332354,-0.9998887985298224
861,8.592747252747115,-0.14211460231795933,-0.9997960281285636
862,8.602747252747115,-0.1621092015721704,-0.999654636560285
863,8.612747252747115,-0.18210036681995237,-0.9994500373973999
864,8.622747252747114,-0.20208667215857165,-0.9991657385541268
865,8.632747252747114,-0.22206634285410426,-0.9987833506352018
866,8.642747252747114,-0.24203721750492443,-0.9982825984979992
867,8.652747252747114,-0.2619967104745997,-0.9976413367586959
868,8.662747252747113,-0.28194177468096016,-0.996835570042453
869,8.672747252747113,-0.301868864844773,-0.9958394788433201
870,8.682747252747113,-0.32177390131938777,-0.9946254519206293
871,8.692747252747113,-0.3416522346418144,-0.9931641262137647
872,8.702747252747113,-0.3614986109658252,-0.9914244353049289
873,8.712747252747112,-0.38130713855866827,-0.9893736674982421
874,8.722747252747112,-0.4010712555646442,-0.9869775346113743
875,8.732747252747112,-0.4207836992608962,-0.9842002525909365
876,8.742747252747112,-0.44043647705301514,-0.9810046350628879
877,8.752747252747112,-0.4600208394801433,-0.9773522009119735
878,8.762747252747111,-0.47952725552080916,-0.9732032969473173
879,8.772747252747111,-0.49894539051131553,-0.9685172366523592
880,8.78274725274711,-0.5182640870076759,-0.9632524559339245
881,8.79274725274711,-0.5374713489393361,-0.9573666866750737
882,8.80274725274711,-0.5565543294176691,-0.950817148757349
883,8.81274725274711,-0.5754993225738992,-0.9435607610482645
884,8.82274725274711,-0.5942917598090632,-0.9355543716479132
885,8.83274725274711,-0.6129162108421974,-0.9267550074533949
886,8.84274725274711,-0.6313563899414834,-0.9171201428310762
887,8.85274725274711,-0.6495951677159209,-0.9066079868848808
888,8.86274725274711,-0.6676145888315751,-0.8951777884751649
889,8.872747252747109,-0.6853958959959532,-0.8827901577795937
890,8.882747252747109,-0.7029195605260395,-0.869407402798206
891,8.892747252747109,-0.7201653197794886,-0.8549938787942268
892,8.902747252747108,-0.7371122216840644,-0.8395163482360809
893,8.912747252747108,-0.7537386765473879,-0.8229443483717637
894,8.922747252747108,-0.770022516267331,-0.8052505631328121
895,8.932747252747108,-0.7859410609930749,-0.7864111956414239
896,8.942747252747107,-0.8014711932082556,-0.7664063371917756
897,8.952747252747107,-0.8165894391212752,-0.7452203282071956
898,8.962747252747107,-0.8312720571545753,-0.7228421063512022
899,8.972747252747107,-0.8454951332254611,-0.6992655367055137
900,8.982747252747107,-0.859234682407276,-0.6744897187350152
901,8.992747252747106,-0.8724667564528783,-0.6485192646508968
902,9.002747252747106,-0.8851675565543071,-0.6213645437704554
903,9.012747252747106,-0.8973135506052399,-0.5930418875655902
904,9.022747252747106,-0.9088815941285712,-0.56357375030012
905,9.032747252747106,-0.9198490539325264,-0.5329888204844735
906,9.042747252747105,-0.9301939334676017,-0.5013220788278929
907,9.052747252747105,-0.9398949987757684,-0.46861479894246827
908,9.062747252747105,-0.9489319038551949,-0.43491448774580144
909,9.072747252747105,-0.957285314210531,-0.40027476331168255
910,9.082747252747104,-0.9649370273226385,-0.36475516881863657
911,9.092747252747104,-0.971870088754351,-0.3284209222284675
912,9.102747252747104,-0.9780689026118464,-0.291342602371248
913,9.112747252747104,-0.9835193351055365,-0.2535957731966356
914,9.122747252747104,-0.9882088100005406,-0.21526054904842445
915,9.132747252747103,-0.9921263948148346,-0.17642110490249668
916,9.142747252747103,-0.9952628767124675,-0.1371651365495398
917,9.152747252747103,-0.9976108271487218,-0.09758327667477523
918,9.162747252747103,-0.9991646544520517,-0.057768473660316004
919,9.172747252747103,-0.9999206436718782,-0.017815340686535633
920,9.182747252747102,-0.9998769831791685,0.022180516685032396
921,9.192747252747102,-0.9990337776750938,0.06212318582130145
922,9.202747252747102,-0.9973930474385535,0.10191713632640047
923,9.212747252747102,-0.9949587138223674,0.14146790437306467
924,9.222747252747101,-0.9917365711867395,0.1806827631836357
925,9.232747252747101,-0.9877342456334877,0.21947137107475168
926,9.242747252747101,-0.9829611410719159,0.25774638894175256
927,9.2527472527471,-0.9774283733037075,0.2954240596817058
928,9.2627472527471,-0.9711486929568076,0.3324247428192416
929,9.2727472527471,-0.9641363982243081,0.36867339848466824
930,9.2827472527471,-0.9564072384716912,0.40410001587374667
931,9.2927472527471,-0.9479783098628214,0.43863998236567525
932,9.3027472527471,-0.9388679442207216,0.4722343905619657
933,9.3127472527471,-0.9290955923829424,0.5048302816057364
934,9.3227472527471,-0.9186817033332909,0.5363808242213136
935,9.3327472527471,-0.9076476003924121,0.566845429952643
936,9.342747252747099,-0.8960153557302776,0.5961898060532477
937,9.352747252747099,-0.8838076644255246,0.6243859483709778
938,9.362747252747099,-0.8710477192416346,0.6514120773618775
939,9.372747252747098,-0.8577590872202628,0.677252521047394
940,9.382747252747098,-0.8439655891099334,0.7018975492900887
941,9.392747252747098,-0.8296911825562245,0.7253431642011103
942,9.402747252747098,-0.8149598498799495,0.7475908518077939
943,9.412747252747097,-0.7997954911651212,0.7686473003050038
944,9.422747252747097,-0.7842218232710213,0.7885240902953395
945,9.432747252747097,-0.7682622852746608,0.8072373623995841
946,9.442747252747097,-0.7519399507433268,0.8248074675002123
947,9.452747252747097,-0.735277447133545,0.8412586046791898
948,9.462747252747096,-0.7182968825141741,0.856618451639347
949,9.472747252747096,-0.7010197797187693,0.8709177920693374
950,9.482747252747096,-0.6834670179468288,0.8841901440385831
951,9.492747252747096,-0.6656587817558157,0.8964713931032305
952,9.502747252747096,-0.6476145173164585,0.9077994333788176
953,9.512747252747095,-0.6293528957430582,0.9182138194009407
954,9.522747252747095,-0.6108917832584482,0.9277554311614116
955,9.532747252747095,-0.5922482179097728,0.9364661542826521
956,9.542747252747095,-0.5734383925161156,0.9443885768845115
957,9.552747252747094,-0.5544776435018272,0.9515657043111128
958,9.562747252747094,-0.5353804452497023,0.9580406925252639
959,9.572747252747094,-0.5161604095953568,0.9638566006477114
960,9.582747252747094,-0.49683029007764845,0.9690561628202701
961,9.592747252747094,-0.4774019905591094,0.9736815793068205
962,9.602747252747093,-0.4578865778344513,0.9777743265146552
963,9.612747252747093,-0.43829429785359064,0.9813749854202486
964,9.622747252747093,-0.41863459519767815,0.9845230877171937
965,9.632747252747093,-0.39891613546166677,0.9872569788682677
966,9.642747252747093,-0.37914683021443185,0.989613697136471
967,9.652747252747092,-0.35933386422680824,0.991628867589273
968,9.662747252747092,-0.3394837246786266,0.9933366100138836
969,9.672747252747092,-0.3196022320774559,0.99476945964674
970,9.682747252747092,-0.299694572643878,0.99595829960516
971,9.692747252747091,-0.2797653319403689,0.9969323039108848
972,9.702747252747091,-0.259818529542926,0.9977188900117663
973,9.712747252747091,-0.23985765457618186,0.9983436797369957
974,9.72274725274709,-0.21988570195365603,0.9988304676610568
975,9.73274725274709,-0.19990520918482058,0.9992011959002011
976,9.74274725274709,-0.17991829362962986,0.9994759344210815
977,9.75274725274709,-0.15992669009896654,0.9996728660028061
978,9.76274725274709,-0.1399317887159739,0.9998082750598515
979,9.77274725274709,-0.11993467296840502,0.9998965396029451
980,9.78274725274709,-0.09993615789585766,0.9999501256873071
981,9.79274725274709,-0.07993682836803705,0.9999795837718042
982,9.80274725274709,-0.05993707742096459,0.9999935464880445
983,9.812747252747089,-0.039937144627307894,0.9999987273947781
984,9.822747252747089,-0.019937154484731955,0.9999999203698396
985,9.832747252747088,6.2845187644614e-05,0.9999999993690442
986,9.842747252747088,0.02006284484996576,0.9999999183587741
987,9.852747252747088,0.04006283484171275,0.9999987113063832
988,9.862747252747088,0.06006276698178008,0.9999934921899546
989,9.872747252747088,0.08006251616920024,0.999979455066363
990,9.882747252747087,0.10006184198671782,0.9999498743139998
991,9.892747252747087,0.120060350312515,0.9998961052439119
992,9.902747252747087,0.14005745495003835,0.9998075853504262
993,9.912747252747087,0.16005233929207105,0.99967183654951
994,9.922747252747087,0.18004391804292832,0.9994744688299813
995,9.932747252747086,0.20003079903192125,0.9991991858190215
996,9.942747252747086,0.22001124516201911,0.9988277928389048
997,9.952747252747086,0.2399831365499233,0.998340208106017
998,9.962747252747086,0.2599439329275131,0.9977144777954997
999,9.972747252747086,0.279890636389793,0.9969267957645099
1000,9.982747252747085,0.29981975459099725,0.9959515287932338
1001,9.992747252747085,0.3197272645083171,0.9947612482643912
1002,10.0,0.33414957389558225,0.9937469246778768
